ChunkID, Package Name, Class Type, Hard or Soft Chunk, File Size, Other Chunks
0,/Engine/EngineDebugMaterials/HeatmapGradient,Texture2D,Hard,5567,None
0,/Engine/EngineSounds/Duck_Normal_Attack_MixMod,SoundMix,Hard,1379,None
0,/Engine/EngineSounds/Music,SoundClass,Hard,982,None
0,/Engine/EngineSounds/Normal_Attack,SoundClass,Hard,992,None
0,/Engine/EngineSounds/SFX,SoundClass,Hard,1326,None
0,/Engine/EngineSounds/Special_Attack_PSM,SoundClass,Hard,1490,None
0,/Engine/Functions/Engine_MaterialFunctions01/ImageAdjustment/CheapContrast_RGB,MaterialFunction,Hard,1013,None
0,/Engine/Functions/Engine_MaterialFunctions02/Texturing/ScreenAlignedPixelToPixelUVs,MaterialFunction,Hard,1161,None
0,/Engine/Functions/Engine_MaterialFunctions02/Utility/DitherTemporalAA,MaterialFunction,Hard,1066,None
0,/ExampleMap/ExampleMap,World,Soft From Unassigned Package? Best Guess: /ExampleMap/ExampleMap,642513,None
0,/ExampleMap/ExampleMapLoadingScreenActor,Blueprint,Soft From Unassigned Package? Best Guess: /ExampleMap/ExampleMapLoadingScreenActor,3097,None
0,/ExampleMap/HighresScreenshot00001,Texture2D,Soft From Unassigned Package? Best Guess: /ExampleMap/HighresScreenshot00001,5780102,None
0,/Game/CameraSystem/CameraActorSpawnLocation,Blueprint,Soft From Unassigned Package? Best Guess: /ExampleMap/ExampleMap->/Game/CameraSystem/CameraSystemSpawnLocation->/Game/CameraSystem/CameraActorSpawnLocation,7670,None
0,/Game/CameraSystem/CameraDisplayWidget,WidgetBlueprint,Soft From Unassigned Package? Best Guess: /ExampleMap/ExampleMap->/Game/CameraSystem/CameraSystemSpawnLocation->/Game/CameraSystem/DefaultCameraDisplayWidget->/Game/CameraSystem/CameraDisplayWidget,3042,None
0,/Game/CameraSystem/CameraSystemSpawnLocation,Blueprint,Soft From Unassigned Package? Best Guess: /ExampleMap/ExampleMap->/Game/CameraSystem/CameraSystemSpawnLocation,4499,None
0,/Game/CameraSystem/DefaultCameraActorSpawnLocation,Blueprint,Soft From Unassigned Package? Best Guess: /ExampleMap/ExampleMap->/Game/CameraSystem/DefaultCameraActorSpawnLocation,12669,None
0,/Game/CameraSystem/DefaultCameraDisplayWidget,WidgetBlueprint,Soft From Unassigned Package? Best Guess: /ExampleMap/ExampleMap->/Game/CameraSystem/CameraSystemSpawnLocation->/Game/CameraSystem/DefaultCameraDisplayWidget,4926,None
0,/Game/CameraSystem/DefaultCameraSystemSpawnLocation,Blueprint,Soft From Unassigned Package? Best Guess: /ExampleMap/ExampleMap->/Game/CameraSystem/DefaultCameraSystemSpawnLocation,5224,None
0,/Game/CameraSystem/Materials/CameraCasing_MAT,Material,Soft From Unassigned Package? Best Guess: /ExampleMap/ExampleMap->/Game/CameraSystem/DefaultCameraActorSpawnLocation->/Game/CameraSystem/Meshes/SecurityCamera->/Game/CameraSystem/Materials/CameraCasing_MAT,6457,None
0,/Game/CameraSystem/Materials/CameraGlass_MAT,Material,Soft From Unassigned Package? Best Guess: /ExampleMap/ExampleMap->/Game/CameraSystem/DefaultCameraActorSpawnLocation->/Game/CameraSystem/Meshes/SecurityCamera->/Game/CameraSystem/Materials/CameraGlass_MAT,6455,None
0,/Game/CameraSystem/Materials/CameraLight_MAT,Material,Soft From Unassigned Package? Best Guess: /ExampleMap/ExampleMap->/Game/CameraSystem/Materials/CameraLight_MAT_Inst->/Game/CameraSystem/Materials/CameraLight_MAT,13531,None
0,/Game/CameraSystem/Materials/CameraLight_MAT_Inst,MaterialInstanceConstant,Soft From Unassigned Package? Best Guess: /ExampleMap/ExampleMap->/Game/CameraSystem/Materials/CameraLight_MAT_Inst,2526,None
0,/Game/CameraSystem/Materials/M_TV,Material,Soft From Unassigned Package? Best Guess: /ExampleMap/ExampleMap->/Game/CameraSystem/DefaultCameraSystemSpawnLocation->/Game/CameraSystem/Meshes/SM_TV->/Game/CameraSystem/Materials/M_TV,11742,None
0,/Game/CameraSystem/Meshes/SecurityCamera,StaticMesh,Soft From Unassigned Package? Best Guess: /ExampleMap/ExampleMap->/Game/CameraSystem/DefaultCameraActorSpawnLocation->/Game/CameraSystem/Meshes/SecurityCamera,74872,None
0,/Game/CameraSystem/Meshes/SecurityCameraSupport,StaticMesh,Soft From Unassigned Package? Best Guess: /ExampleMap/ExampleMap->/Game/CameraSystem/DefaultCameraActorSpawnLocation->/Game/CameraSystem/Meshes/SecurityCameraSupport,17057,None
0,/Game/CameraSystem/Meshes/SM_TV,StaticMesh,Soft From Unassigned Package? Best Guess: /ExampleMap/ExampleMap->/Game/CameraSystem/DefaultCameraSystemSpawnLocation->/Game/CameraSystem/Meshes/SM_TV,121617,None
0,/Game/CameraSystem/Structs/CameraActorMeshStruct,UserDefinedStruct,Soft From Unassigned Package? Best Guess: /Game/CameraSystem/DefaultCameraSystemSpawnLocation->/Game/CameraSystem/CameraSystemSpawnLocation->/Game/CameraSystem/CameraActorSpawnLocation->/Game/CameraSystem/Structs/CameraActorMeshStruct,2731,None
0,/Game/CameraSystem/Textures/T_TV_M,Texture2D,Soft From Unassigned Package? Best Guess: /ExampleMap/ExampleMap->/Game/CameraSystem/DefaultCameraSystemSpawnLocation->/Game/CameraSystem/Meshes/SM_TV->/Game/CameraSystem/Materials/M_TV->/Game/CameraSystem/Textures/T_TV_M,1399637,None
0,/Game/EscapeDoor/DefaultEscapeDoorSpawnLocation,Blueprint,Soft From Unassigned Package? Best Guess: /ExampleMap/ExampleMap->/Game/EscapeDoor/DefaultEscapeDoorSpawnLocation,7568,None
0,/Game/EscapeDoor/EscapeDoorSpawnLocation,Blueprint,Soft From Unassigned Package? Best Guess: /ExampleMap/ExampleMap->/Game/EscapeDoor/DefaultEscapeDoorSpawnLocation->/Game/EscapeDoor/EscapeDoorSpawnLocation,9245,None
0,/Game/EscapeDoor/ExitSign/DefaultExitSignSpawnLocation,Blueprint,Soft From Unassigned Package? Best Guess: /ExampleMap/ExampleMap->/Game/EscapeDoor/ExitSign/DefaultExitSignSpawnLocation,12342,None
0,/Game/EscapeDoor/ExitSign/ExitSignSpawnLocation,Blueprint,Soft From Unassigned Package? Best Guess: /Game/EscapeDoor/DefaultEscapeDoorSpawnLocation->/Game/EscapeDoor/EscapeDoorSpawnLocation->/Game/EscapeDoor/ExitSign/ExitSignSpawnLocation,4205,None
0,/Game/EscapeDoor/ExitSign/Materials/DefaultTextMaterialOpaque_ExitSign,Material,Soft From Unassigned Package? Best Guess: /ExampleMap/ExampleMap->/Game/EscapeDoor/ExitSign/Materials/DefaultTextMaterialOpaque_ExitSign_Inst->/Game/EscapeDoor/ExitSign/Materials/DefaultTextMaterialOpaque_ExitSign,16682,None
0,/Game/EscapeDoor/ExitSign/Materials/DefaultTextMaterialOpaque_ExitSign_Inst,MaterialInstanceConstant,Soft From Unassigned Package? Best Guess: /ExampleMap/ExampleMap->/Game/EscapeDoor/ExitSign/Materials/DefaultTextMaterialOpaque_ExitSign_Inst,3217,None
0,/Game/EscapeDoor/ExitSign/Materials/ExitSign_MAT,Material,Soft From Unassigned Package? Best Guess: /ExampleMap/ExampleMap->/Game/EscapeDoor/ExitSign/DefaultExitSignSpawnLocation->/Game/EscapeDoor/ExitSign/Materials/ExitSign_MAT,6570,None
0,/Game/EscapeDoor/ExitSign/Structs/TextRenderStruct,UserDefinedStruct,Soft From Unassigned Package? Best Guess: /Game/EscapeDoor/DefaultEscapeDoorSpawnLocation->/Game/EscapeDoor/EscapeDoorSpawnLocation->/Game/EscapeDoor/ExitSign/ExitSignSpawnLocation->/Game/EscapeDoor/ExitSign/Structs/TextRenderStruct,1806,None
0,/Game/EscapeDoor/Meshes/SM_EscapeDoor,StaticMesh,Soft From Unassigned Package? Best Guess: /ExampleMap/ExampleMap->/Game/EscapeDoor/DefaultEscapeDoorSpawnLocation->/Game/EscapeDoor/Meshes/SM_EscapeDoor,275785,None
0,/Game/EscapeDoor/Structs/DoorLightComponentStruct,UserDefinedStruct,Soft From Unassigned Package? Best Guess: /ExampleMap/ExampleMap->/Game/EscapeDoor/DefaultEscapeDoorSpawnLocation->/Game/EscapeDoor/EscapeDoorSpawnLocation->/Game/EscapeDoor/Structs/DoorLightComponentStruct,2086,None
0,/Game/EscapeDoor/Structs/DoorMaterialInstanceParameterStruct,UserDefinedStruct,Soft From Unassigned Package? Best Guess: /ExampleMap/ExampleMap->/Game/EscapeDoor/DefaultEscapeDoorSpawnLocation->/Game/EscapeDoor/Structs/DoorMaterialInstanceStruct->/Game/EscapeDoor/Structs/DoorMaterialInstanceParameterStruct,3175,None
0,/Game/EscapeDoor/Structs/DoorMaterialInstanceStruct,UserDefinedStruct,Soft From Unassigned Package? Best Guess: /ExampleMap/ExampleMap->/Game/EscapeDoor/DefaultEscapeDoorSpawnLocation->/Game/EscapeDoor/Structs/DoorMaterialInstanceStruct,1800,None
0,/Game/EscapeDoor/Structs/DoorMeshStruct,UserDefinedStruct,Soft From Unassigned Package? Best Guess: /ExampleMap/ExampleMap->/Game/EscapeDoor/DefaultEscapeDoorSpawnLocation->/Game/EscapeDoor/Structs/DoorMeshStruct,2588,None
0,/Game/EscapeDoor/Structs/DoorParticleSystemStruct,UserDefinedStruct,Soft From Unassigned Package? Best Guess: /ExampleMap/ExampleMap->/Game/EscapeDoor/DefaultEscapeDoorSpawnLocation->/Game/EscapeDoor/EscapeDoorSpawnLocation->/Game/EscapeDoor/Structs/DoorParticleSystemStruct,1659,None
0,/Game/Fire/DefaultFireSpawnLocation,Blueprint,Soft From Unassigned Package? Best Guess: /ExampleMap/ExampleMap->/Game/LevelObjects/DefaultSpawnLocationOverlayActor->/Game/Throwables/Molotov/DefaultMolotovSpawnLocation->/Game/Throwables/Molotov/MolotovSpawnLocation->/Game/Fire/DefaultFireSpawnLocation,5351,None
0,/Game/Fire/FireSpawnLocation,Blueprint,Soft From Unassigned Package? Best Guess: /ExampleMap/ExampleMap->/Game/LevelObjects/DefaultSpawnLocationOverlayActor->/Game/Throwables/Molotov/DefaultMolotovSpawnLocation->/Game/Throwables/Molotov/MolotovSpawnLocation->/Game/Fire/FireSpawnLocation,4853,None
0,/Game/Geometry/Meshes/1M_Cube,StaticMesh,Soft From Unassigned Package? Best Guess: /ExampleMap/ExampleMap->/Game/TV/DefaultTVSpawnLocation->/Game/Geometry/Meshes/1M_Cube,7725,None
0,/Game/Geometry/Meshes/CubeMaterial,Material,Soft From Unassigned Package? Best Guess: /ExampleMap/ExampleMap->/Game/TV/DefaultTVSpawnLocation->/Game/Geometry/Meshes/1M_Cube->/Game/Geometry/Meshes/CubeMaterial,9251,None
0,/Game/Gramophone/DefaultGramophoneSpawnLocation,Blueprint,Soft From Unassigned Package? Best Guess: /ExampleMap/ExampleMap->/Game/Gramophone/DefaultGramophoneSpawnLocation,6437,None
0,/Game/Gramophone/GramophoneSpawnLocation,Blueprint,Soft From Unassigned Package? Best Guess: /ExampleMap/ExampleMap->/Game/Gramophone/GramophoneSpawnLocation,5911,None
0,/Game/Gramophone/Materials/Gramophone_MAT,Material,Soft From Unassigned Package? Best Guess: /ExampleMap/ExampleMap->/Game/Gramophone/DefaultGramophoneSpawnLocation->/Game/Gramophone/Meshes/Gramophone->/Game/Gramophone/Materials/Gramophone_MAT,8405,None
0,/Game/Gramophone/Meshes/Gramophone,StaticMesh,Soft From Unassigned Package? Best Guess: /ExampleMap/ExampleMap->/Game/Gramophone/DefaultGramophoneSpawnLocation->/Game/Gramophone/Meshes/Gramophone,1645828,None
0,/Game/Gramophone/Textures/Gramophone_AO,Texture2D,Soft From Unassigned Package? Best Guess: /ExampleMap/ExampleMap->/Game/Gramophone/DefaultGramophoneSpawnLocation->/Game/Gramophone/Meshes/Gramophone->/Game/Gramophone/Materials/Gramophone_MAT->/Game/Gramophone/Textures/Gramophone_AO,2797571,None
0,/Game/Gramophone/Textures/Gramophone_BaseColor,Texture2D,Soft From Unassigned Package? Best Guess: /ExampleMap/ExampleMap->/Game/Gramophone/DefaultGramophoneSpawnLocation->/Game/Gramophone/Meshes/Gramophone->/Game/Gramophone/Materials/Gramophone_MAT->/Game/Gramophone/Textures/Gramophone_BaseColor,2797585,None
0,/Game/Gramophone/Textures/Gramophone_Metallic,Texture2D,Soft From Unassigned Package? Best Guess: /ExampleMap/ExampleMap->/Game/Gramophone/DefaultGramophoneSpawnLocation->/Game/Gramophone/Meshes/Gramophone->/Game/Gramophone/Materials/Gramophone_MAT->/Game/Gramophone/Textures/Gramophone_Metallic,2797583,None
0,/Game/Gramophone/Textures/Gramophone_Normal,Texture2D,Soft From Unassigned Package? Best Guess: /ExampleMap/ExampleMap->/Game/Gramophone/DefaultGramophoneSpawnLocation->/Game/Gramophone/Meshes/Gramophone->/Game/Gramophone/Materials/Gramophone_MAT->/Game/Gramophone/Textures/Gramophone_Normal,5594114,None
0,/Game/Gramophone/Textures/Gramophone_Roughness,Texture2D,Soft From Unassigned Package? Best Guess: /ExampleMap/ExampleMap->/Game/Gramophone/DefaultGramophoneSpawnLocation->/Game/Gramophone/Meshes/Gramophone->/Game/Gramophone/Materials/Gramophone_MAT->/Game/Gramophone/Textures/Gramophone_Roughness,2797585,None
0,/Game/Keycard/DefaultKeycardSpawnLocation,Blueprint,Soft From Unassigned Package? Best Guess: /ExampleMap/ExampleMap->/Game/LevelObjects/DefaultSpawnLocationOverlayActor->/Game/Keycard/DefaultKeycardSpawnLocation,6655,None
0,/Game/Keycard/KeycardSpawnLocation,Blueprint,Soft From Unassigned Package? Best Guess: /ExampleMap/ExampleMap->/Game/LevelObjects/DefaultSpawnLocationOverlayActor->/Game/Keycard/DefaultKeycardSpawnLocation->/Game/Keycard/KeycardSpawnLocation,3911,None
0,/Game/Keycard/Materials/Keycard_MAT,Material,Soft From Unassigned Package? Best Guess: /ExampleMap/ExampleMap->/Game/LevelObjects/DefaultSpawnLocationOverlayActor->/Game/Keycard/DefaultKeycardSpawnLocation->/Game/Keycard/Materials/Keycard_MAT,6446,None
0,/Game/LevelObjects/BP_Desk,Blueprint,Soft From Unassigned Package? Best Guess: /ExampleMap/ExampleMap->/Game/LevelObjects/BP_Desk,6742,None
0,/Game/LevelObjects/BP_SmallDesk,Blueprint,Soft From Unassigned Package? Best Guess: /ExampleMap/ExampleMap->/Game/LevelObjects/BP_SmallDesk,6013,None
0,/Game/LevelObjects/DefaultSpawnLocationOverlayActor,Blueprint,Soft From Unassigned Package? Best Guess: /ExampleMap/ExampleMap->/Game/LevelObjects/DefaultSpawnLocationOverlayActor,6078,None
0,/Game/LevelObjects/DormantPosition,Blueprint,Soft From Unassigned Package? Best Guess: /ExampleMap/ExampleMap->/Game/LevelObjects/DormantPosition,3230,None
0,/Game/LevelObjects/ItemSpawnLocation,Blueprint,Soft From Unassigned Package? Best Guess: /Game/Monsters/Xenomorph/Animations/StandUpHuman_BS->/Game/Monsters/Xenomorph/Animations/SlowWalk->/Game/Monsters/MonsterRightFootstep_AnimNotify->/Game/Monsters/Monster->/Game/Human/Human->/Game/LevelObjects/ItemSpawnLocation,5027,None
0,/Game/LevelObjects/MapObjectSpawnLocation,Blueprint,Soft From Unassigned Package? Best Guess: /Game/LevelObjects/DefaultSpawnLocationOverlayActor->/Game/Throwables/Molotov/DefaultMolotovSpawnLocation->/Game/Throwables/Molotov/MolotovSpawnLocation->/Game/Fire/FireSpawnLocation->/Game/LevelObjects/MapObjectSpawnLocation,4429,None
0,/Game/LevelObjects/RandomLocation,Blueprint,Soft From Unassigned Package? Best Guess: /ExampleMap/ExampleMap->/Game/LevelObjects/RandomLocation,2508,None
0,/Game/LevelObjects/SpawnLocationOverlayActor,Blueprint,Soft From Unassigned Package? Best Guess: /ExampleMap/ExampleMap->/Game/LevelObjects/SpawnLocationOverlayActor,3020,None
0,/Game/Lights/HouseLightSpawnLocation,Blueprint,Soft From Unassigned Package? Best Guess: /ExampleMap/ExampleMap->/Game/Lights/HouseLightSpawnLocation,19752,None
0,/Game/Lights/LightSpawnLocation,Blueprint,Soft From Unassigned Package? Best Guess: /ExampleMap/ExampleMap->/Game/Lights/OfficeLightSpawnLocation->/Game/Lights/LightSpawnLocation,5501,None
0,/Game/Lights/Materials/Bulb_MAT,Material,Soft From Unassigned Package? Best Guess: /ExampleMap/ExampleMap->/Game/Lights/Materials/Bulb_MAT_Inst->/Game/Lights/Materials/Bulb_MAT,17433,None
0,/Game/Lights/Materials/Bulb_MAT_Inst,MaterialInstanceConstant,Soft From Unassigned Package? Best Guess: /ExampleMap/ExampleMap->/Game/Lights/Materials/Bulb_MAT_Inst,2486,None
0,/Game/Lights/Materials/Light_MAT,Material,Soft From Unassigned Package? Best Guess: /ExampleMap/ExampleMap->/Game/Lights/HouseLightSpawnLocation->/Game/Lights/Materials/Light_MAT,9537,None
0,/Game/Lights/Materials/OfficeBulb_MAT,Material,Soft From Unassigned Package? Best Guess: /ExampleMap/ExampleMap->/Game/Lights/Materials/OfficeBulb_MAT_Inst->/Game/Lights/Materials/OfficeBulb_MAT,10874,None
0,/Game/Lights/Materials/OfficeBulb_MAT_Inst,MaterialInstanceConstant,Soft From Unassigned Package? Best Guess: /ExampleMap/ExampleMap->/Game/Lights/Materials/OfficeBulb_MAT_Inst,1849,None
0,/Game/Lights/Meshes/Light_Cylinder,StaticMesh,Soft From Unassigned Package? Best Guess: /ExampleMap/ExampleMap->/Game/Lights/HouseLightSpawnLocation->/Game/Lights/Meshes/Light_Cylinder,67754,None
0,/Game/Lights/Meshes/Light_Cylinder_001,StaticMesh,Soft From Unassigned Package? Best Guess: /ExampleMap/ExampleMap->/Game/Lights/HouseLightSpawnLocation->/Game/Lights/Meshes/Light_Cylinder_001,68210,None
0,/Game/Lights/Meshes/Light_Cylinder_002,StaticMesh,Soft From Unassigned Package? Best Guess: /ExampleMap/ExampleMap->/Game/Lights/HouseLightSpawnLocation->/Game/Lights/Meshes/Light_Cylinder_002,66866,None
0,/Game/Lights/Meshes/Light_Sphere,StaticMesh,Soft From Unassigned Package? Best Guess: /ExampleMap/ExampleMap->/Game/Lights/HouseLightSpawnLocation->/Game/Lights/Meshes/Light_Sphere,2097618,None
0,/Game/Lights/OfficeLightSpawnLocation,Blueprint,Soft From Unassigned Package? Best Guess: /ExampleMap/ExampleMap->/Game/Lights/OfficeLightSpawnLocation,10929,None
0,/Game/Lights/Sounds/BulbBlownSound,SoundWave,Soft From Unassigned Package? Best Guess: /ExampleMap/ExampleMap->/Game/Lights/OfficeLightSpawnLocation->/Game/Lights/LightSpawnLocation->/Game/Lights/Sounds/BulbBlownSound_Cue->/Game/Lights/Sounds/BulbBlownSound,17589,None
0,/Game/Lights/Sounds/BulbBlownSound_Cue,SoundCue,Soft From Unassigned Package? Best Guess: /ExampleMap/ExampleMap->/Game/Lights/OfficeLightSpawnLocation->/Game/Lights/LightSpawnLocation->/Game/Lights/Sounds/BulbBlownSound_Cue,2504,None
0,/Game/Lights/Structs/LightComponentStruct,UserDefinedStruct,Soft From Unassigned Package? Best Guess: /ExampleMap/ExampleMap->/Game/Lights/OfficeLightSpawnLocation->/Game/Lights/Structs/LightComponentStruct,1550,None
0,/Game/Lights/Structs/LightMaterialInstanceParameterStruct,UserDefinedStruct,Soft From Unassigned Package? Best Guess: /Game/Lights/LightSpawnLocation->/Game/Lights/Structs/LightMeshStruct->/Game/Lights/Structs/LightMaterialInstanceStruct->/Game/Lights/Structs/LightMaterialInstanceParameterStruct,2958,None
0,/Game/Lights/Structs/LightMaterialInstanceStruct,UserDefinedStruct,Soft From Unassigned Package? Best Guess: /ExampleMap/ExampleMap->/Game/Lights/OfficeLightSpawnLocation->/Game/Lights/Structs/LightMaterialInstanceStruct,1799,None
0,/Game/Lights/Structs/LightMeshStruct,UserDefinedStruct,Soft From Unassigned Package? Best Guess: /ExampleMap/ExampleMap->/Game/Lights/OfficeLightSpawnLocation->/Game/Lights/Structs/LightMeshStruct,1402,None
0,/Game/Lights/Structs/LightParticleSystemStruct,UserDefinedStruct,Soft From Unassigned Package? Best Guess: /ExampleMap/ExampleMap->/Game/Lights/OfficeLightSpawnLocation->/Game/Lights/LightSpawnLocation->/Game/Lights/Structs/LightParticleSystemStruct,1736,None
0,/Game/MapLoadingScreenActor,Blueprint,Soft From Unassigned Package? Best Guess: /ExampleMap/ExampleMapLoadingScreenActor->/Game/MapLoadingScreenActor,2768,None
0,/Game/Maps/PhysicalMaterials/Metal_PhysicalMaterial,PhysicalMaterial,Soft From Unassigned Package? Best Guess: /ExampleMap/ExampleMap->/Game/LevelObjects/DefaultSpawnLocationOverlayActor->/Game/Plunderer/DefaultLootSpawnLocation->/Game/StarterContent/Materials/M_Metal_Gold->/Game/Maps/PhysicalMaterials/Metal_PhysicalMaterial,790,None
0,/Game/Maps/PhysicalMaterials/Wood_PhysicalMaterial,PhysicalMaterial,Soft From Unassigned Package? Best Guess: /ExampleMap/ExampleMap->/Game/LevelObjects/BP_SmallDesk->/Game/StarterContent/Materials/M_Wood_Oak->/Game/Maps/PhysicalMaterials/Wood_PhysicalMaterial,788,None
0,/Game/Materials/Master_Masked_CHEAP,Material,Soft From Unassigned Package? Best Guess: /ExampleMap/ExampleMap->/Game/Power/DefaultPowerSpawnLocation->/Game/Power/Meshes/Fusebox_01->/Game/Power/Materials/Fusebox_Masked->/Game/Materials/Master_Masked_CHEAP,18953,None
0,/Game/Oddball/DefaultOddballSpawnLocation,Blueprint,Soft From Unassigned Package? Best Guess: /Game/Monsters/Xenomorph/Animations/StandUpHuman_BS->/Game/Monsters/Xenomorph/Animations/SlowWalk->/Game/Monsters/MonsterRightFootstep_AnimNotify->/Game/Monsters/Monster->/Game/Human/Human->/Game/Oddball/DefaultOddballSpawnLocation,4605,None
0,/Game/Oddball/Materials/Oddball_MAT,Material,Soft From Unassigned Package? Best Guess: /Game/Monsters/Xenomorph/Animations/StandUpHuman_BS->/Game/Monsters/Xenomorph/Animations/SlowWalk->/Game/Monsters/MonsterRightFootstep_AnimNotify->/Game/Monsters/Monster->/Game/Human/Human->/Game/Oddball/DefaultOddballSpawnLocation->/Game/Oddball/Meshes/Oddball->/Game/Oddball/Materials/Oddball_MAT,6556,None
0,/Game/Oddball/Materials/OddballLight_MAT,Material,Soft From Unassigned Package? Best Guess: /Game/Monsters/Xenomorph/Animations/StandUpHuman_BS->/Game/Monsters/Xenomorph/Animations/SlowWalk->/Game/Monsters/MonsterRightFootstep_AnimNotify->/Game/Monsters/Monster->/Game/Human/Human->/Game/Oddball/DefaultOddballSpawnLocation->/Game/Oddball/Meshes/Oddball->/Game/Oddball/Materials/OddballLight_MAT,6754,None
0,/Game/Oddball/Meshes/Oddball,StaticMesh,Soft From Unassigned Package? Best Guess: /Game/Monsters/Xenomorph/Animations/StandUpHuman_BS->/Game/Monsters/Xenomorph/Animations/SlowWalk->/Game/Monsters/MonsterRightFootstep_AnimNotify->/Game/Monsters/Monster->/Game/Human/Human->/Game/Oddball/DefaultOddballSpawnLocation->/Game/Oddball/Meshes/Oddball,1881432,None
0,/Game/Oddball/OddballSpawnLocation,Blueprint,Soft From Unassigned Package? Best Guess: /Game/Monsters/Xenomorph/Animations/StandUpHuman_BS->/Game/Monsters/Xenomorph/Animations/SlowWalk->/Game/Monsters/MonsterRightFootstep_AnimNotify->/Game/Monsters/Monster->/Game/Human/Human->/Game/Oddball/OddballSpawnLocation,8609,None
0,/Game/Oddball/Structs/OddballLightStruct,UserDefinedStruct,Soft From Unassigned Package? Best Guess: /Game/Monsters/Xenomorph/Animations/StandUpHuman_BS->/Game/Monsters/Xenomorph/Animations/SlowWalk->/Game/Monsters/MonsterRightFootstep_AnimNotify->/Game/Monsters/Monster->/Game/Human/Human->/Game/Oddball/Structs/OddballLightStruct,1416,None
0,/Game/Oddball/Structs/OddballMaterialInstanceParametersStruct,UserDefinedStruct,Soft From Unassigned Package? Best Guess: /ExampleMap/ExampleMap->/Game/LevelObjects/DefaultSpawnLocationOverlayActor->/Game/Oddball/DefaultOddballSpawnLocation->/Game/Oddball/OddballSpawnLocation->/Game/Oddball/Structs/OddballMaterialInstanceStruct->/Game/Oddball/Structs/OddballMaterialInstanceParametersStruct,2076,None
0,/Game/Oddball/Structs/OddballMaterialInstanceStruct,UserDefinedStruct,Soft From Unassigned Package? Best Guess: /Game/Monsters/Xenomorph/Animations/StandUpHuman_BS->/Game/Monsters/Xenomorph/Animations/SlowWalk->/Game/Monsters/MonsterRightFootstep_AnimNotify->/Game/Monsters/Monster->/Game/Human/Human->/Game/Oddball/Structs/OddballMaterialInstanceStruct,1808,None
0,/Game/Oddball/Structs/OddballParticleSystemStruct,UserDefinedStruct,Soft From Unassigned Package? Best Guess: /Game/Monsters/Xenomorph/Animations/StandUpHuman_BS->/Game/Monsters/Xenomorph/Animations/SlowWalk->/Game/Monsters/MonsterRightFootstep_AnimNotify->/Game/Monsters/Monster->/Game/Human/Human->/Game/Oddball/Structs/OddballParticleSystemStruct,1453,None
0,/Game/Oddball/Structs/OddballWidgetStruct,UserDefinedStruct,Soft From Unassigned Package? Best Guess: /Game/Monsters/Xenomorph/Animations/StandUpHuman_BS->/Game/Monsters/Xenomorph/Animations/SlowWalk->/Game/Monsters/MonsterRightFootstep_AnimNotify->/Game/Monsters/Monster->/Game/Human/Human->/Game/Oddball/Structs/OddballWidgetStruct,1747,None
0,/Game/Plunderer/DefaultLootSpawnLocation,Blueprint,Soft From Unassigned Package? Best Guess: /ExampleMap/ExampleMap->/Game/LevelObjects/DefaultSpawnLocationOverlayActor->/Game/Plunderer/DefaultLootSpawnLocation,7617,None
0,/Game/Plunderer/LootSpawnLocation,Blueprint,Soft From Unassigned Package? Best Guess: /ExampleMap/ExampleMap->/Game/LevelObjects/DefaultSpawnLocationOverlayActor->/Game/Plunderer/DefaultLootSpawnLocation->/Game/Plunderer/LootSpawnLocation,3904,None
0,/Game/Plunderer/Materials/LootJewel_MAT,Material,Soft From Unassigned Package? Best Guess: /ExampleMap/ExampleMap->/Game/LevelObjects/DefaultSpawnLocationOverlayActor->/Game/Plunderer/DefaultLootSpawnLocation->/Game/Plunderer/Meshes/Loot->/Game/Plunderer/Materials/LootJewel_MAT,13353,None
0,/Game/Plunderer/Meshes/Loot,StaticMesh,Soft From Unassigned Package? Best Guess: /ExampleMap/ExampleMap->/Game/LevelObjects/DefaultSpawnLocationOverlayActor->/Game/Plunderer/DefaultLootSpawnLocation->/Game/Plunderer/Meshes/Loot,211372,None
0,/Game/Power/DefaultPowerSpawnLocation,Blueprint,Soft From Unassigned Package? Best Guess: /ExampleMap/ExampleMap->/Game/Power/DefaultPowerSpawnLocation,5438,None
0,/Game/Power/Materials/Fusebox_Masked,MaterialInstanceConstant,Soft From Unassigned Package? Best Guess: /ExampleMap/ExampleMap->/Game/Power/DefaultPowerSpawnLocation->/Game/Power/Meshes/Fusebox_01->/Game/Power/Materials/Fusebox_Masked,20119,None
0,/Game/Power/Meshes/Fusebox_01,StaticMesh,Soft From Unassigned Package? Best Guess: /ExampleMap/ExampleMap->/Game/Power/DefaultPowerSpawnLocation->/Game/Power/Meshes/Fusebox_01,282091,None
0,/Game/Power/PowerSpawnLocation,Blueprint,Soft From Unassigned Package? Best Guess: /ExampleMap/ExampleMap->/Game/Power/DefaultPowerSpawnLocation->/Game/Power/PowerSpawnLocation,4869,None
0,/Game/Power/Sounds/PowerDown,SoundWave,Soft From Unassigned Package? Best Guess: /ExampleMap/ExampleMap->/Game/Power/DefaultPowerSpawnLocation->/Game/Power/PowerSpawnLocation->/Game/Power/Sounds/PowerDown,20423,None
0,/Game/Power/Sounds/PowerUp,SoundWave,Soft From Unassigned Package? Best Guess: /ExampleMap/ExampleMap->/Game/Power/DefaultPowerSpawnLocation->/Game/Power/PowerSpawnLocation->/Game/Power/Sounds/PowerUp,17782,None
0,/Game/Power/Structs/PowerLightComponentStruct,UserDefinedStruct,Soft From Unassigned Package? Best Guess: /ExampleMap/ExampleMap->/Game/Power/DefaultPowerSpawnLocation->/Game/Power/PowerSpawnLocation->/Game/Power/Structs/PowerLightComponentStruct,1445,None
0,/Game/Power/Structs/PowerMaterialInstanceParameterStruct,UserDefinedStruct,Soft From Unassigned Package? Best Guess: /Game/Power/PowerSpawnLocation->/Game/Power/Structs/PowerMeshStruct->/Game/Power/Structs/PowerMaterialInstanceStruct->/Game/Power/Structs/PowerMaterialInstanceParameterStruct,2203,None
0,/Game/Power/Structs/PowerMaterialInstanceStruct,UserDefinedStruct,Soft From Unassigned Package? Best Guess: /Game/Power/PowerSpawnLocation->/Game/Power/Structs/PowerMeshStruct->/Game/Power/Structs/PowerMaterialInstanceStruct,1794,None
0,/Game/Power/Structs/PowerMeshStruct,UserDefinedStruct,Soft From Unassigned Package? Best Guess: /ExampleMap/ExampleMap->/Game/Power/DefaultPowerSpawnLocation->/Game/Power/Structs/PowerMeshStruct,1399,None
0,/Game/Power/Textures/Fusebox_01_D,Texture2D,Soft From Unassigned Package? Best Guess: /ExampleMap/ExampleMap->/Game/Power/DefaultPowerSpawnLocation->/Game/Power/Meshes/Fusebox_01->/Game/Power/Materials/Fusebox_Masked->/Game/Power/Textures/Fusebox_01_D,2797564,None
0,/Game/Power/Textures/Fusebox_01_G,Texture2D,Soft From Unassigned Package? Best Guess: /ExampleMap/ExampleMap->/Game/Power/DefaultPowerSpawnLocation->/Game/Power/Meshes/Fusebox_01->/Game/Power/Materials/Fusebox_Masked->/Game/Power/Textures/Fusebox_01_G,2797564,None
0,/Game/Power/Textures/Fusebox_01_M,Texture2D,Soft From Unassigned Package? Best Guess: /ExampleMap/ExampleMap->/Game/Power/DefaultPowerSpawnLocation->/Game/Power/Meshes/Fusebox_01->/Game/Power/Materials/Fusebox_Masked->/Game/Power/Textures/Fusebox_01_M,5593780,None
0,/Game/Power/Textures/Fusebox_01_N,Texture2D,Soft From Unassigned Package? Best Guess: /ExampleMap/ExampleMap->/Game/Power/DefaultPowerSpawnLocation->/Game/Power/Meshes/Fusebox_01->/Game/Power/Materials/Fusebox_Masked->/Game/Power/Textures/Fusebox_01_N,5594099,None
0,/Game/Power/Textures/Fusebox_01_SR,Texture2D,Soft From Unassigned Package? Best Guess: /ExampleMap/ExampleMap->/Game/Power/DefaultPowerSpawnLocation->/Game/Power/Meshes/Fusebox_01->/Game/Power/Materials/Fusebox_Masked->/Game/Power/Textures/Fusebox_01_SR,5593782,None
0,/Game/SoundClasses/MusicSoundClass,SoundClass,Hard,999,None
0,/Game/SoundClasses/SFXSoundClass,SoundClass,Hard,994,None
0,/Game/StarterContent/HDRI/HDRI_White,TextureCube,Soft From Unassigned Package? Best Guess: /ExampleMap/ExampleMap->/Game/StarterContent/HDRI/HDRI_White,16778596,None
0,/Game/StarterContent/Particles/Materials/M_explosion_StunGrenade_subUV,Material,Soft From Unassigned Package? Best Guess: /ExampleMap/ExampleMap->/Game/LevelObjects/DefaultSpawnLocationOverlayActor->/Game/Throwables/StunGrenade/DefaultStunGrenadeSpawnLocation->/Game/StarterContent/Particles/P_Explosion_StunGrenade->/Game/StarterContent/Particles/Materials/M_explosion_StunGrenade_subUV,11540,None
0,/Game/StarterContent/Particles/Materials/M_Fire_SubUV_128x128,Material,Soft From Unassigned Package? Best Guess: /ExampleMap/ExampleMap->/Game/LevelObjects/DefaultSpawnLocationOverlayActor->/Game/Throwables/Molotov/DefaultMolotovSpawnLocation->/Game/Throwables/Molotov/MolotovSpawnLocation->/Game/Fire/DefaultFireSpawnLocation->/Game/StarterContent/Particles/P_Fire_BetterLOD->/Game/StarterContent/Particles/Materials/M_Fire_SubUV_128x128,12257,None
0,/Game/StarterContent/Particles/Materials/M_Fire_SubUV_256x256,Material,Soft From Unassigned Package? Best Guess: /ExampleMap/ExampleMap->/Game/LevelObjects/DefaultSpawnLocationOverlayActor->/Game/Throwables/Molotov/DefaultMolotovSpawnLocation->/Game/Throwables/Molotov/MolotovSpawnLocation->/Game/Fire/DefaultFireSpawnLocation->/Game/StarterContent/Particles/P_Fire_BetterLOD->/Game/StarterContent/Particles/Materials/M_Fire_SubUV_256x256,12257,None
0,/Game/StarterContent/Particles/Materials/M_Fire_SubUV_512x512,Material,Soft From Unassigned Package? Best Guess: /ExampleMap/ExampleMap->/Game/LevelObjects/DefaultSpawnLocationOverlayActor->/Game/Throwables/Molotov/DefaultMolotovSpawnLocation->/Game/Throwables/Molotov/MolotovSpawnLocation->/Game/Fire/DefaultFireSpawnLocation->/Game/StarterContent/Particles/P_Fire_BetterLOD->/Game/StarterContent/Particles/Materials/M_Fire_SubUV_512x512,12257,None
0,/Game/StarterContent/Particles/Materials/M_smoke_subUV_512x512,Material,Soft From Unassigned Package? Best Guess: /ExampleMap/ExampleMap->/Game/LevelObjects/DefaultSpawnLocationOverlayActor->/Game/Throwables/Molotov/DefaultMolotovSpawnLocation->/Game/Throwables/Molotov/MolotovSpawnLocation->/Game/Fire/DefaultFireSpawnLocation->/Game/StarterContent/Particles/P_Fire_BetterLOD->/Game/StarterContent/Particles/Materials/M_smoke_subUV_512x512,29776,None
0,/Game/StarterContent/Particles/P_Explosion_StunGrenade,ParticleSystem,Soft From Unassigned Package? Best Guess: /ExampleMap/ExampleMap->/Game/LevelObjects/DefaultSpawnLocationOverlayActor->/Game/Throwables/StunGrenade/DefaultStunGrenadeSpawnLocation->/Game/StarterContent/Particles/P_Explosion_StunGrenade,51875,None
0,/Game/StarterContent/Particles/P_Fire_BetterLOD,ParticleSystem,Soft From Unassigned Package? Best Guess: /ExampleMap/ExampleMap->/Game/LevelObjects/DefaultSpawnLocationOverlayActor->/Game/Throwables/Molotov/DefaultMolotovSpawnLocation->/Game/Throwables/Molotov/MolotovSpawnLocation->/Game/Fire/DefaultFireSpawnLocation->/Game/StarterContent/Particles/P_Fire_BetterLOD,98214,None
0,/Game/StarterContent/Particles/P_MolotovFire,ParticleSystem,Soft From Unassigned Package? Best Guess: /ExampleMap/ExampleMap->/Game/LevelObjects/DefaultSpawnLocationOverlayActor->/Game/Throwables/Molotov/DefaultMolotovSpawnLocation->/Game/StarterContent/Particles/P_MolotovFire,81429,None
0,/Game/StarterContent/Particles/P_Steam_Lit_2,ParticleSystem,Soft From Unassigned Package? Best Guess: /ExampleMap/ExampleMap->/Game/LevelObjects/DefaultSpawnLocationOverlayActor->/Game/Throwables/SmokeGrenade/DefaultSmokeGrenadeSpawnLocation->/Game/Throwables/SmokeGrenade/SmokeGrenadeSpawnLocation->/Game/Throwables/SmokeGrenade/DefaultSmokeConcealmentActor->/Game/StarterContent/Particles/P_Steam_Lit_2,15223,None
0,/Game/StarterContent/Particles/P_Steam_Lit_Flare,ParticleSystem,Soft From Unassigned Package? Best Guess: /ExampleMap/ExampleMap->/Game/LevelObjects/DefaultSpawnLocationOverlayActor->/Game/Throwables/Flare/DefaultFlareSpawnLocation->/Game/StarterContent/Particles/P_Steam_Lit_Flare,14851,None
0,/Game/StarterContent/Textures/T_Fire_SubUV_128x128,Texture2D,Soft From Unassigned Package? Best Guess: /ExampleMap/ExampleMap->/Game/LevelObjects/DefaultSpawnLocationOverlayActor->/Game/Throwables/Molotov/DefaultMolotovSpawnLocation->/Game/Throwables/Molotov/MolotovSpawnLocation->/Game/Fire/DefaultFireSpawnLocation->/Game/StarterContent/Particles/P_Fire_BetterLOD->/Game/StarterContent/Particles/Materials/M_Fire_SubUV_128x128->/Game/StarterContent/Textures/T_Fire_SubUV_128x128,12230,None
0,/Game/StarterContent/Textures/T_Fire_SubUV_256x256,Texture2D,Soft From Unassigned Package? Best Guess: /ExampleMap/ExampleMap->/Game/LevelObjects/DefaultSpawnLocationOverlayActor->/Game/Throwables/Molotov/DefaultMolotovSpawnLocation->/Game/Throwables/Molotov/MolotovSpawnLocation->/Game/Fire/DefaultFireSpawnLocation->/Game/StarterContent/Particles/P_Fire_BetterLOD->/Game/StarterContent/Particles/Materials/M_Fire_SubUV_256x256->/Game/StarterContent/Textures/T_Fire_SubUV_256x256,45034,None
0,/Game/StarterContent/Textures/T_Fire_SubUV_512x512,Texture2D,Soft From Unassigned Package? Best Guess: /ExampleMap/ExampleMap->/Game/LevelObjects/DefaultSpawnLocationOverlayActor->/Game/Throwables/Molotov/DefaultMolotovSpawnLocation->/Game/Throwables/Molotov/MolotovSpawnLocation->/Game/Fire/DefaultFireSpawnLocation->/Game/StarterContent/Particles/P_Fire_BetterLOD->/Game/StarterContent/Particles/Materials/M_Fire_SubUV_512x512->/Game/StarterContent/Textures/T_Fire_SubUV_512x512,176142,None
0,/Game/StarterContent/Textures/T_Smoke_SubUV_512x512,Texture2D,Soft From Unassigned Package? Best Guess: /ExampleMap/ExampleMap->/Game/LevelObjects/DefaultSpawnLocationOverlayActor->/Game/Throwables/Molotov/DefaultMolotovSpawnLocation->/Game/Throwables/Molotov/MolotovSpawnLocation->/Game/Fire/DefaultFireSpawnLocation->/Game/StarterContent/Particles/P_Fire_BetterLOD->/Game/StarterContent/Particles/Materials/M_smoke_subUV_512x512->/Game/StarterContent/Textures/T_Smoke_SubUV_512x512,351049,None
0,/Game/Structs/DefaultLightComponentStruct,UserDefinedStruct,Soft From Unassigned Package? Best Guess: /Game/CameraSystem/DefaultCameraSystemSpawnLocation->/Game/CameraSystem/CameraSystemSpawnLocation->/Game/CameraSystem/CameraActorSpawnLocation->/Game/Structs/DefaultLightComponentStruct,1477,None
0,/Game/Structs/DefaultMaterialInstanceParameterStruct,UserDefinedStruct,Soft From Unassigned Package? Best Guess: /Game/CameraSystem/DefaultCameraSystemSpawnLocation->/Game/CameraSystem/CameraSystemSpawnLocation->/Game/CameraSystem/CameraActorSpawnLocation->/Game/CameraSystem/Structs/CameraActorMeshStruct->/Game/Structs/DefaultMaterialInstanceStruct->/Game/Structs/DefaultMaterialInstanceParameterStruct,2038,None
0,/Game/Structs/DefaultMaterialInstanceStruct,UserDefinedStruct,Soft From Unassigned Package? Best Guess: /Game/CameraSystem/DefaultCameraSystemSpawnLocation->/Game/CameraSystem/CameraSystemSpawnLocation->/Game/CameraSystem/CameraActorSpawnLocation->/Game/CameraSystem/Structs/CameraActorMeshStruct->/Game/Structs/DefaultMaterialInstanceStruct,1790,None
0,/Game/Structs/DefaultMeshStruct,UserDefinedStruct,Soft From Unassigned Package? Best Guess: /Game/EscapeDoor/DefaultEscapeDoorSpawnLocation->/Game/EscapeDoor/EscapeDoorSpawnLocation->/Game/EscapeDoor/ExitSign/ExitSignSpawnLocation->/Game/Structs/DefaultMeshStruct,1395,None
0,/Game/Structs/DefaultParticleSystemStruct,UserDefinedStruct,Soft From Unassigned Package? Best Guess: /Game/CameraSystem/DefaultCameraSystemSpawnLocation->/Game/CameraSystem/CameraSystemSpawnLocation->/Game/CameraSystem/CameraActorSpawnLocation->/Game/Structs/DefaultParticleSystemStruct,1505,None
0,/Game/Structs/WidgetComponentStruct,UserDefinedStruct,Soft From Unassigned Package? Best Guess: /Game/Throwables/Molotov/DefaultMolotovSpawnLocation->/Game/Throwables/Molotov/MolotovSpawnLocation->/Game/Fire/FireSpawnLocation->/Game/LevelObjects/MapObjectSpawnLocation->/Game/Structs/WidgetComponentStruct,1504,None
0,/Game/Textures/Floor_01_D,Texture2D,Soft From Unassigned Package? Best Guess: /ExampleMap/ExampleMap->/Game/Power/DefaultPowerSpawnLocation->/Game/Power/Meshes/Fusebox_01->/Game/Power/Materials/Fusebox_Masked->/Game/Textures/Floor_01_D,2797554,None
0,/Game/Textures/Floor_01_G,Texture2D,Soft From Unassigned Package? Best Guess: /ExampleMap/ExampleMap->/Game/Power/DefaultPowerSpawnLocation->/Game/Power/Meshes/Fusebox_01->/Game/Power/Materials/Fusebox_Masked->/Game/Textures/Floor_01_G,2797554,None
0,/Game/Textures/Floor_01_M,Texture2D,Soft From Unassigned Package? Best Guess: /ExampleMap/ExampleMap->/Game/Power/DefaultPowerSpawnLocation->/Game/Power/Meshes/Fusebox_01->/Game/Power/Materials/Fusebox_Masked->/Game/Textures/Floor_01_M,5593770,None
0,/Game/Textures/Floor_01_N,Texture2D,Soft From Unassigned Package? Best Guess: /ExampleMap/ExampleMap->/Game/Power/DefaultPowerSpawnLocation->/Game/Power/Meshes/Fusebox_01->/Game/Power/Materials/Fusebox_Masked->/Game/Textures/Floor_01_N,5594089,None
0,/Game/Textures/Floor_01_S,Texture2D,Soft From Unassigned Package? Best Guess: /ExampleMap/ExampleMap->/Game/Power/DefaultPowerSpawnLocation->/Game/Power/Meshes/Fusebox_01->/Game/Power/Materials/Fusebox_Masked->/Game/Textures/Floor_01_S,2797554,None
0,/Game/Textures/Fond_Wall_01_E,Texture2D,Soft From Unassigned Package? Best Guess: /ExampleMap/ExampleMap->/Game/Power/DefaultPowerSpawnLocation->/Game/Power/Meshes/Fusebox_01->/Game/Power/Materials/Fusebox_Masked->/Game/Textures/Fond_Wall_01_E,2797562,None
0,/Game/Textures/Metal_Scratches_M,Texture2D,Soft From Unassigned Package? Best Guess: /ExampleMap/ExampleMap->/Game/Power/DefaultPowerSpawnLocation->/Game/Power/Meshes/Fusebox_01->/Game/Power/Materials/Fusebox_Masked->/Game/Textures/Metal_Scratches_M,2797635,None
0,/Game/Textures/Tile_02_E,Texture2D,Soft From Unassigned Package? Best Guess: /ExampleMap/ExampleMap->/Game/Power/DefaultPowerSpawnLocation->/Game/Power/Meshes/Fusebox_01->/Game/Power/Materials/Fusebox_Masked->/Game/Textures/Tile_02_E,2797617,None
0,/Game/Throwables/Flare/DefaultFlareSpawnLocation,Blueprint,Soft From Unassigned Package? Best Guess: /ExampleMap/ExampleMap->/Game/LevelObjects/DefaultSpawnLocationOverlayActor->/Game/Throwables/Flare/DefaultFlareSpawnLocation,13095,None
0,/Game/Throwables/Flare/FlareSpawnLocation,Blueprint,Soft From Unassigned Package? Best Guess: /ExampleMap/ExampleMap->/Game/LevelObjects/DefaultSpawnLocationOverlayActor->/Game/Throwables/Flare/DefaultFlareSpawnLocation->/Game/Throwables/Flare/FlareSpawnLocation,4936,None
0,/Game/Throwables/Flare/Materials/Flare_MAT,Material,Soft From Unassigned Package? Best Guess: /ExampleMap/ExampleMap->/Game/LevelObjects/DefaultSpawnLocationOverlayActor->/Game/Throwables/Flare/DefaultFlareSpawnLocation->/Game/Throwables/Flare/Materials/Flare_MAT,6561,None
0,/Game/Throwables/Flare/Sounds/Flare,SoundWave,Soft From Unassigned Package? Best Guess: /ExampleMap/ExampleMap->/Game/LevelObjects/DefaultSpawnLocationOverlayActor->/Game/Throwables/Flare/DefaultFlareSpawnLocation->/Game/Throwables/Flare/FlareSpawnLocation->/Game/Throwables/Flare/Sounds/Flare_Cue->/Game/Throwables/Flare/Sounds/Flare,140836,None
0,/Game/Throwables/Flare/Sounds/Flare_Cue,SoundCue,Soft From Unassigned Package? Best Guess: /ExampleMap/ExampleMap->/Game/LevelObjects/DefaultSpawnLocationOverlayActor->/Game/Throwables/Flare/DefaultFlareSpawnLocation->/Game/Throwables/Flare/FlareSpawnLocation->/Game/Throwables/Flare/Sounds/Flare_Cue,2016,None
0,/Game/Throwables/Flashbang/DefaultFlashbangSpawnLocation,Blueprint,Soft From Unassigned Package? Best Guess: /Game/Monsters/Xenomorph/Animations/StandUpHuman_BS->/Game/Monsters/Xenomorph/Animations/SlowWalk->/Game/Monsters/MonsterRightFootstep_AnimNotify->/Game/Monsters/Monster->/Game/Human/Human->/Game/Throwables/Flashbang/DefaultFlashbangSpawnLocation,8901,None
0,/Game/Throwables/Flashbang/FlashbangSpawnLocation,Blueprint,Soft From Unassigned Package? Best Guess: /Game/Monsters/Xenomorph/Animations/StandUpHuman_BS->/Game/Monsters/Xenomorph/Animations/SlowWalk->/Game/Monsters/MonsterRightFootstep_AnimNotify->/Game/Monsters/Monster->/Game/Human/Human->/Game/Throwables/Flashbang/DefaultFlashbangSpawnLocation->/Game/Throwables/Flashbang/FlashbangSpawnLocation,4076,None
0,/Game/Throwables/Flashbang/Materials/FlashbangGreen_MAT,Material,Soft From Unassigned Package? Best Guess: /Game/Monsters/Xenomorph/Animations/StandUpHuman_BS->/Game/Monsters/Xenomorph/Animations/SlowWalk->/Game/Monsters/MonsterRightFootstep_AnimNotify->/Game/Monsters/Monster->/Game/Human/Human->/Game/Throwables/Flashbang/DefaultFlashbangSpawnLocation->/Game/Throwables/Flashbang/Meshes/Flashbang->/Game/Throwables/Flashbang/Materials/FlashbangGreen_MAT,8279,None
0,/Game/Throwables/Flashbang/Materials/FlashbangInside_MAT,Material,Soft From Unassigned Package? Best Guess: /Game/Monsters/Xenomorph/Animations/StandUpHuman_BS->/Game/Monsters/Xenomorph/Animations/SlowWalk->/Game/Monsters/MonsterRightFootstep_AnimNotify->/Game/Monsters/Monster->/Game/Human/Human->/Game/Throwables/Flashbang/DefaultFlashbangSpawnLocation->/Game/Throwables/Flashbang/Meshes/Flashbang->/Game/Throwables/Flashbang/Materials/FlashbangInside_MAT,6471,None
0,/Game/Throwables/Flashbang/Materials/FlashbangTransparent_MAT,Material,Soft From Unassigned Package? Best Guess: /Game/Monsters/Xenomorph/Animations/StandUpHuman_BS->/Game/Monsters/Xenomorph/Animations/SlowWalk->/Game/Monsters/MonsterRightFootstep_AnimNotify->/Game/Monsters/Monster->/Game/Human/Human->/Game/Throwables/Flashbang/DefaultFlashbangSpawnLocation->/Game/Throwables/Flashbang/Meshes/Flashbang->/Game/Throwables/Flashbang/Materials/FlashbangTransparent_MAT,11947,None
0,/Game/Throwables/Flashbang/Meshes/Flashbang,StaticMesh,Soft From Unassigned Package? Best Guess: /Game/Monsters/Xenomorph/Animations/StandUpHuman_BS->/Game/Monsters/Xenomorph/Animations/SlowWalk->/Game/Monsters/MonsterRightFootstep_AnimNotify->/Game/Monsters/Monster->/Game/Human/Human->/Game/Throwables/Flashbang/DefaultFlashbangSpawnLocation->/Game/Throwables/Flashbang/Meshes/Flashbang,2108404,None
0,/Game/Throwables/Flashbang/Sounds/Flashbang_Cue,SoundCue,Soft From Unassigned Package? Best Guess: /Game/Monsters/Xenomorph/Animations/StandUpHuman_BS->/Game/Monsters/Xenomorph/Animations/SlowWalk->/Game/Monsters/MonsterRightFootstep_AnimNotify->/Game/Monsters/Monster->/Game/Human/Human->/Game/Throwables/Flashbang/DefaultFlashbangSpawnLocation->/Game/Throwables/Flashbang/FlashbangSpawnLocation->/Game/Throwables/Flashbang/Sounds/Flashbang_Cue,2314,None
0,/Game/Throwables/Flashbang/Sounds/FlashbangSound,SoundWave,Soft From Unassigned Package? Best Guess: /Game/Monsters/Xenomorph/Animations/StandUpHuman_BS->/Game/Monsters/Xenomorph/Animations/SlowWalk->/Game/Monsters/MonsterRightFootstep_AnimNotify->/Game/Monsters/Monster->/Game/Human/Human->/Game/Throwables/Flashbang/DefaultFlashbangSpawnLocation->/Game/Throwables/Flashbang/FlashbangSpawnLocation->/Game/Throwables/Flashbang/Sounds/Flashbang_Cue->/Game/Throwables/Flashbang/Sounds/FlashbangSound,15517,None
0,/Game/Throwables/Flashbang/Sounds/FlashbangStunEffect,SoundWave,Soft From Unassigned Package? Best Guess: /Game/Monsters/Xenomorph/Animations/StandUpHuman_BS->/Game/Monsters/Xenomorph/Animations/SlowWalk->/Game/Monsters/MonsterRightFootstep_AnimNotify->/Game/Monsters/Monster->/Game/Human/Human->/Game/Throwables/Flashbang/DefaultFlashbangSpawnLocation->/Game/Throwables/Flashbang/FlashbangSpawnLocation->/Game/Throwables/Flashbang/Widgets/FlashbangProgressWidget->/Game/Throwables/Flashbang/Sounds/FlashbangStunEffect_Cue->/Game/Throwables/Flashbang/Sounds/FlashbangStunEffect,13040,None
0,/Game/Throwables/Flashbang/Sounds/FlashbangStunEffect_Cue,SoundCue,Soft From Unassigned Package? Best Guess: /Game/Monsters/Xenomorph/Animations/StandUpHuman_BS->/Game/Monsters/Xenomorph/Animations/SlowWalk->/Game/Monsters/MonsterRightFootstep_AnimNotify->/Game/Monsters/Monster->/Game/Human/Human->/Game/Throwables/Flashbang/DefaultFlashbangSpawnLocation->/Game/Throwables/Flashbang/FlashbangSpawnLocation->/Game/Throwables/Flashbang/Widgets/FlashbangProgressWidget->/Game/Throwables/Flashbang/Sounds/FlashbangStunEffect_Cue,1807,None
0,/Game/Throwables/Flashbang/Widgets/FlashbangProgressWidget,WidgetBlueprint,Soft From Unassigned Package? Best Guess: /Game/Monsters/Xenomorph/Animations/StandUpHuman_BS->/Game/Monsters/Xenomorph/Animations/SlowWalk->/Game/Monsters/MonsterRightFootstep_AnimNotify->/Game/Monsters/Monster->/Game/Human/Human->/Game/Throwables/Flashbang/DefaultFlashbangSpawnLocation->/Game/Throwables/Flashbang/FlashbangSpawnLocation->/Game/Throwables/Flashbang/Widgets/FlashbangProgressWidget,19853,None
0,/Game/Throwables/Molotov/DefaultMolotovSpawnLocation,Blueprint,Soft From Unassigned Package? Best Guess: /ExampleMap/ExampleMap->/Game/LevelObjects/DefaultSpawnLocationOverlayActor->/Game/Throwables/Molotov/DefaultMolotovSpawnLocation,12961,None
0,/Game/Throwables/Molotov/Materials/MolotovGlass,Material,Soft From Unassigned Package? Best Guess: /ExampleMap/ExampleMap->/Game/LevelObjects/DefaultSpawnLocationOverlayActor->/Game/Throwables/Molotov/DefaultMolotovSpawnLocation->/Game/Throwables/Molotov/Meshes/Molotov->/Game/Throwables/Molotov/Materials/MolotovGlass,14513,None
0,/Game/Throwables/Molotov/Materials/MolotovGlass_Inst,MaterialInstanceConstant,Soft From Unassigned Package? Best Guess: /ExampleMap/ExampleMap->/Game/LevelObjects/DefaultSpawnLocationOverlayActor->/Game/Throwables/Molotov/DefaultMolotovSpawnLocation->/Game/Throwables/Molotov/Materials/MolotovGlass_Inst,2497,None
0,/Game/Throwables/Molotov/Materials/MolotovPaper,Material,Soft From Unassigned Package? Best Guess: /ExampleMap/ExampleMap->/Game/LevelObjects/DefaultSpawnLocationOverlayActor->/Game/Throwables/Molotov/DefaultMolotovSpawnLocation->/Game/Throwables/Molotov/Meshes/Molotov->/Game/Throwables/Molotov/Materials/MolotovPaper,15394,None
0,/Game/Throwables/Molotov/Materials/MolotovPaper_Inst,MaterialInstanceConstant,Soft From Unassigned Package? Best Guess: /ExampleMap/ExampleMap->/Game/LevelObjects/DefaultSpawnLocationOverlayActor->/Game/Throwables/Molotov/DefaultMolotovSpawnLocation->/Game/Throwables/Molotov/Materials/MolotovPaper_Inst,1246,None
0,/Game/Throwables/Molotov/Meshes/Molotov,StaticMesh,Soft From Unassigned Package? Best Guess: /ExampleMap/ExampleMap->/Game/LevelObjects/DefaultSpawnLocationOverlayActor->/Game/Throwables/Molotov/DefaultMolotovSpawnLocation->/Game/Throwables/Molotov/Meshes/Molotov,2571869,None
0,/Game/Throwables/Molotov/MolotovSpawnLocation,Blueprint,Soft From Unassigned Package? Best Guess: /ExampleMap/ExampleMap->/Game/LevelObjects/DefaultSpawnLocationOverlayActor->/Game/Throwables/Molotov/DefaultMolotovSpawnLocation->/Game/Throwables/Molotov/MolotovSpawnLocation,4643,None
0,/Game/Throwables/Molotov/Sounds/FireMolotov_Cue,SoundCue,Soft From Unassigned Package? Best Guess: /ExampleMap/ExampleMap->/Game/LevelObjects/DefaultSpawnLocationOverlayActor->/Game/Throwables/Molotov/DefaultMolotovSpawnLocation->/Game/Throwables/Molotov/MolotovSpawnLocation->/Game/Throwables/Molotov/Sounds/FireMolotov_Cue,2405,None
0,/Game/Throwables/Molotov/Sounds/MolotovBreak,SoundWave,Soft From Unassigned Package? Best Guess: /ExampleMap/ExampleMap->/Game/LevelObjects/DefaultSpawnLocationOverlayActor->/Game/Throwables/Molotov/DefaultMolotovSpawnLocation->/Game/Throwables/Molotov/MolotovSpawnLocation->/Game/Throwables/Molotov/Sounds/MolotovBreak_Cue->/Game/Throwables/Molotov/Sounds/MolotovBreak,9705,None
0,/Game/Throwables/Molotov/Sounds/MolotovBreak_Cue,SoundCue,Soft From Unassigned Package? Best Guess: /ExampleMap/ExampleMap->/Game/LevelObjects/DefaultSpawnLocationOverlayActor->/Game/Throwables/Molotov/DefaultMolotovSpawnLocation->/Game/Throwables/Molotov/MolotovSpawnLocation->/Game/Throwables/Molotov/Sounds/MolotovBreak_Cue,2360,None
0,/Game/Throwables/Noisemaker/DefaultNoisemakerSpawnLocation,Blueprint,Soft From Unassigned Package? Best Guess: /ExampleMap/ExampleMap->/Game/LevelObjects/DefaultSpawnLocationOverlayActor->/Game/Throwables/Noisemaker/DefaultNoisemakerSpawnLocation,7843,None
0,/Game/Throwables/Noisemaker/Materials/NoisemakerBase_MAT,Material,Soft From Unassigned Package? Best Guess: /ExampleMap/ExampleMap->/Game/LevelObjects/DefaultSpawnLocationOverlayActor->/Game/Throwables/Noisemaker/DefaultNoisemakerSpawnLocation->/Game/Throwables/Noisemaker/Meshes/Noisemaker->/Game/Throwables/Noisemaker/Materials/NoisemakerBase_MAT,6470,None
0,/Game/Throwables/Noisemaker/Materials/NoisemakerLight_Inst,MaterialInstanceConstant,Soft From Unassigned Package? Best Guess: /ExampleMap/ExampleMap->/Game/LevelObjects/DefaultSpawnLocationOverlayActor->/Game/Throwables/Noisemaker/DefaultNoisemakerSpawnLocation->/Game/Throwables/Noisemaker/Materials/NoisemakerLight_Inst,1152,None
0,/Game/Throwables/Noisemaker/Materials/NoisemakerLight_MAT,Material,Soft From Unassigned Package? Best Guess: /ExampleMap/ExampleMap->/Game/LevelObjects/DefaultSpawnLocationOverlayActor->/Game/Throwables/Noisemaker/DefaultNoisemakerSpawnLocation->/Game/Throwables/Noisemaker/Materials/NoisemakerLight_Inst->/Game/Throwables/Noisemaker/Materials/NoisemakerLight_MAT,8481,None
0,/Game/Throwables/Noisemaker/Materials/NoisemakerSpeaker_MAT,Material,Soft From Unassigned Package? Best Guess: /ExampleMap/ExampleMap->/Game/LevelObjects/DefaultSpawnLocationOverlayActor->/Game/Throwables/Noisemaker/DefaultNoisemakerSpawnLocation->/Game/Throwables/Noisemaker/Meshes/Noisemaker->/Game/Throwables/Noisemaker/Materials/NoisemakerSpeaker_MAT,6476,None
0,/Game/Throwables/Noisemaker/Meshes/Noisemaker,StaticMesh,Soft From Unassigned Package? Best Guess: /ExampleMap/ExampleMap->/Game/LevelObjects/DefaultSpawnLocationOverlayActor->/Game/Throwables/Noisemaker/DefaultNoisemakerSpawnLocation->/Game/Throwables/Noisemaker/Meshes/Noisemaker,110153,None
0,/Game/Throwables/Noisemaker/NoisemakerSpawnLocation,Blueprint,Soft From Unassigned Package? Best Guess: /ExampleMap/ExampleMap->/Game/LevelObjects/DefaultSpawnLocationOverlayActor->/Game/Throwables/Noisemaker/DefaultNoisemakerSpawnLocation->/Game/Throwables/Noisemaker/NoisemakerSpawnLocation,3557,None
0,/Game/Throwables/Noisemaker/Sounds/NoisemakerAlarm,SoundWave,Soft From Unassigned Package? Best Guess: /ExampleMap/ExampleMap->/Game/LevelObjects/DefaultSpawnLocationOverlayActor->/Game/Throwables/Noisemaker/DefaultNoisemakerSpawnLocation->/Game/Throwables/Noisemaker/NoisemakerSpawnLocation->/Game/Throwables/Noisemaker/Sounds/NoisemakerAlarm_Cue->/Game/Throwables/Noisemaker/Sounds/NoisemakerAlarm,56026,None
0,/Game/Throwables/Noisemaker/Sounds/NoisemakerAlarm_Cue,SoundCue,Soft From Unassigned Package? Best Guess: /ExampleMap/ExampleMap->/Game/LevelObjects/DefaultSpawnLocationOverlayActor->/Game/Throwables/Noisemaker/DefaultNoisemakerSpawnLocation->/Game/Throwables/Noisemaker/NoisemakerSpawnLocation->/Game/Throwables/Noisemaker/Sounds/NoisemakerAlarm_Cue,2037,None
0,/Game/Throwables/SmokeGrenade/ConcealmentActor,Blueprint,Soft From Unassigned Package? Best Guess: /ExampleMap/ExampleMap->/Game/LevelObjects/DefaultSpawnLocationOverlayActor->/Game/Throwables/SmokeGrenade/DefaultSmokeGrenadeSpawnLocation->/Game/Throwables/SmokeGrenade/SmokeGrenadeSpawnLocation->/Game/Throwables/SmokeGrenade/Structs/ConcealmentActorStruct->/Game/Throwables/SmokeGrenade/ConcealmentActor,2911,None
0,/Game/Throwables/SmokeGrenade/DefaultSmokeConcealmentActor,Blueprint,Soft From Unassigned Package? Best Guess: /ExampleMap/ExampleMap->/Game/LevelObjects/DefaultSpawnLocationOverlayActor->/Game/Throwables/SmokeGrenade/DefaultSmokeGrenadeSpawnLocation->/Game/Throwables/SmokeGrenade/SmokeGrenadeSpawnLocation->/Game/Throwables/SmokeGrenade/DefaultSmokeConcealmentActor,6494,None
0,/Game/Throwables/SmokeGrenade/DefaultSmokeGrenadeSpawnLocation,Blueprint,Soft From Unassigned Package? Best Guess: /ExampleMap/ExampleMap->/Game/LevelObjects/DefaultSpawnLocationOverlayActor->/Game/Throwables/SmokeGrenade/DefaultSmokeGrenadeSpawnLocation,5320,None
0,/Game/Throwables/SmokeGrenade/Materials/SmokeGrenadeGreen,Material,Soft From Unassigned Package? Best Guess: /ExampleMap/ExampleMap->/Game/LevelObjects/DefaultSpawnLocationOverlayActor->/Game/Throwables/SmokeGrenade/DefaultSmokeGrenadeSpawnLocation->/Game/Throwables/SmokeGrenade/Meshes/SmokeGrenade->/Game/Throwables/SmokeGrenade/Materials/SmokeGrenadeGreen,7751,None
0,/Game/Throwables/SmokeGrenade/Meshes/SmokeGrenade,StaticMesh,Soft From Unassigned Package? Best Guess: /ExampleMap/ExampleMap->/Game/LevelObjects/DefaultSpawnLocationOverlayActor->/Game/Throwables/SmokeGrenade/DefaultSmokeGrenadeSpawnLocation->/Game/Throwables/SmokeGrenade/Meshes/SmokeGrenade,239341,None
0,/Game/Throwables/SmokeGrenade/SmokeGrenadeSpawnLocation,Blueprint,Soft From Unassigned Package? Best Guess: /ExampleMap/ExampleMap->/Game/LevelObjects/DefaultSpawnLocationOverlayActor->/Game/Throwables/SmokeGrenade/DefaultSmokeGrenadeSpawnLocation->/Game/Throwables/SmokeGrenade/SmokeGrenadeSpawnLocation,4544,None
0,/Game/Throwables/SmokeGrenade/Sounds/SmokeGrenade_Cue,SoundCue,Soft From Unassigned Package? Best Guess: /ExampleMap/ExampleMap->/Game/LevelObjects/DefaultSpawnLocationOverlayActor->/Game/Throwables/SmokeGrenade/DefaultSmokeGrenadeSpawnLocation->/Game/Throwables/SmokeGrenade/SmokeGrenadeSpawnLocation->/Game/Throwables/SmokeGrenade/Sounds/SmokeGrenade_Cue,2056,None
0,/Game/Throwables/SmokeGrenade/Sounds/SmokeGrenadeSound,SoundWave,Soft From Unassigned Package? Best Guess: /ExampleMap/ExampleMap->/Game/LevelObjects/DefaultSpawnLocationOverlayActor->/Game/Throwables/SmokeGrenade/DefaultSmokeGrenadeSpawnLocation->/Game/Throwables/SmokeGrenade/SmokeGrenadeSpawnLocation->/Game/Throwables/SmokeGrenade/Sounds/SmokeGrenade_Cue->/Game/Throwables/SmokeGrenade/Sounds/SmokeGrenadeSound,7673,None
0,/Game/Throwables/SmokeGrenade/Structs/ConcealmentActorStruct,UserDefinedStruct,Soft From Unassigned Package? Best Guess: /ExampleMap/ExampleMap->/Game/LevelObjects/DefaultSpawnLocationOverlayActor->/Game/Throwables/SmokeGrenade/DefaultSmokeGrenadeSpawnLocation->/Game/Throwables/SmokeGrenade/SmokeGrenadeSpawnLocation->/Game/Throwables/SmokeGrenade/Structs/ConcealmentActorStruct,1542,None
0,/Game/Throwables/Structs/ThrowableLightStruct,UserDefinedStruct,Soft From Unassigned Package? Best Guess: /Game/Monsters/Xenomorph/Animations/StandUpHuman_BS->/Game/Monsters/Xenomorph/Animations/SlowWalk->/Game/Monsters/MonsterRightFootstep_AnimNotify->/Game/Monsters/Monster->/Game/Human/Human->/Game/Throwables/Structs/ThrowableLightStruct,1866,None
0,/Game/Throwables/Structs/ThrowableMaterialInstanceParametersStruct,UserDefinedStruct,Soft From Unassigned Package? Best Guess: /ExampleMap/ExampleMap->/Game/LevelObjects/DefaultSpawnLocationOverlayActor->/Game/Throwables/StunGrenade/DefaultStunGrenadeSpawnLocation->/Game/Throwables/ThrowableSpawnLocation->/Game/Throwables/Structs/ThrowableMaterialInstanceStruct->/Game/Throwables/Structs/ThrowableMaterialInstanceParametersStruct,3491,None
0,/Game/Throwables/Structs/ThrowableMaterialInstanceStruct,UserDefinedStruct,Soft From Unassigned Package? Best Guess: /Game/Monsters/Xenomorph/Animations/StandUpHuman_BS->/Game/Monsters/Xenomorph/Animations/SlowWalk->/Game/Monsters/MonsterRightFootstep_AnimNotify->/Game/Monsters/Monster->/Game/Human/Human->/Game/Throwables/Structs/ThrowableMaterialInstanceStruct,1822,None
0,/Game/Throwables/Structs/ThrowableParticleSystemStruct,UserDefinedStruct,Soft From Unassigned Package? Best Guess: /Game/Monsters/Xenomorph/Animations/StandUpHuman_BS->/Game/Monsters/Xenomorph/Animations/SlowWalk->/Game/Monsters/MonsterRightFootstep_AnimNotify->/Game/Monsters/Monster->/Game/Human/Human->/Game/Throwables/Structs/ThrowableParticleSystemStruct,1904,None
0,/Game/Throwables/Structs/ThrowableWidgetStruct,UserDefinedStruct,Soft From Unassigned Package? Best Guess: /Game/Monsters/Xenomorph/Animations/StandUpHuman_BS->/Game/Monsters/Xenomorph/Animations/SlowWalk->/Game/Monsters/MonsterRightFootstep_AnimNotify->/Game/Monsters/Monster->/Game/Human/Human->/Game/Throwables/Structs/ThrowableWidgetStruct,2188,None
0,/Game/Throwables/StunGrenade/DefaultStunGrenadeSpawnLocation,Blueprint,Soft From Unassigned Package? Best Guess: /ExampleMap/ExampleMap->/Game/LevelObjects/DefaultSpawnLocationOverlayActor->/Game/Throwables/StunGrenade/DefaultStunGrenadeSpawnLocation,8900,None
0,/Game/Throwables/StunGrenade/Materials/StunGrenadeBlack_MAT,Material,Soft From Unassigned Package? Best Guess: /ExampleMap/ExampleMap->/Game/LevelObjects/DefaultSpawnLocationOverlayActor->/Game/Throwables/StunGrenade/DefaultStunGrenadeSpawnLocation->/Game/Throwables/StunGrenade/Materials/StunGrenadeBlack_MAT,6589,None
0,/Game/Throwables/StunGrenade/Materials/StunGrenadeBlue_MAT,Material,Soft From Unassigned Package? Best Guess: /ExampleMap/ExampleMap->/Game/LevelObjects/DefaultSpawnLocationOverlayActor->/Game/Throwables/StunGrenade/DefaultStunGrenadeSpawnLocation->/Game/Throwables/StunGrenade/Materials/StunGrenadeBlue_MAT,6587,None
0,/Game/Throwables/StunGrenade/Sounds/StunGrenade_Cue,SoundCue,Soft From Unassigned Package? Best Guess: /ExampleMap/ExampleMap->/Game/LevelObjects/DefaultSpawnLocationOverlayActor->/Game/Throwables/StunGrenade/DefaultStunGrenadeSpawnLocation->/Game/Throwables/StunGrenade/StunGrenadeSpawnLocation->/Game/Throwables/StunGrenade/Sounds/StunGrenade_Cue,2373,None
0,/Game/Throwables/StunGrenade/Sounds/StunGrenadeStunEffect_Cue,SoundCue,Soft From Unassigned Package? Best Guess: /ExampleMap/ExampleMap->/Game/LevelObjects/DefaultSpawnLocationOverlayActor->/Game/Throwables/StunGrenade/DefaultStunGrenadeSpawnLocation->/Game/Throwables/StunGrenade/StunGrenadeSpawnLocation->/Game/Throwables/StunGrenade/Widgets/StunnedProgressWidget->/Game/Throwables/StunGrenade/Sounds/StunGrenadeStunEffect_Cue,1760,None
0,/Game/Throwables/StunGrenade/StunGrenadeSpawnLocation,Blueprint,Soft From Unassigned Package? Best Guess: /ExampleMap/ExampleMap->/Game/LevelObjects/DefaultSpawnLocationOverlayActor->/Game/Throwables/StunGrenade/DefaultStunGrenadeSpawnLocation->/Game/Throwables/StunGrenade/StunGrenadeSpawnLocation,4003,None
0,/Game/Throwables/StunGrenade/Widgets/StunnedImage,Texture2D,Soft From Unassigned Package? Best Guess: /ExampleMap/ExampleMap->/Game/LevelObjects/DefaultSpawnLocationOverlayActor->/Game/Throwables/StunGrenade/DefaultStunGrenadeSpawnLocation->/Game/Throwables/StunGrenade/StunGrenadeSpawnLocation->/Game/Throwables/StunGrenade/Widgets/StunnedProgressWidget->/Game/Throwables/StunGrenade/Widgets/StunnedImage,2074635,None
0,/Game/Throwables/StunGrenade/Widgets/StunnedProgressWidget,WidgetBlueprint,Soft From Unassigned Package? Best Guess: /ExampleMap/ExampleMap->/Game/LevelObjects/DefaultSpawnLocationOverlayActor->/Game/Throwables/StunGrenade/DefaultStunGrenadeSpawnLocation->/Game/Throwables/StunGrenade/StunGrenadeSpawnLocation->/Game/Throwables/StunGrenade/Widgets/StunnedProgressWidget,20216,None
0,/Game/Throwables/ThrowableSpawnLocation,Blueprint,Soft From Unassigned Package? Best Guess: /Game/Monsters/Xenomorph/Animations/StandUpHuman_BS->/Game/Monsters/Xenomorph/Animations/SlowWalk->/Game/Monsters/MonsterRightFootstep_AnimNotify->/Game/Monsters/Monster->/Game/Human/Human->/Game/Throwables/ThrowableSpawnLocation,9068,None
0,/Game/TV/DefaultTVSpawnLocation,Blueprint,Soft From Unassigned Package? Best Guess: /ExampleMap/ExampleMap->/Game/TV/DefaultTVSpawnLocation,13401,None
0,/Game/TV/Materials/Black_MAT,Material,Soft From Unassigned Package? Best Guess: /ExampleMap/ExampleMap->/Game/TV/DefaultTVSpawnLocation->/Game/TV/Materials/Black_MAT,6256,None
0,/Game/TV/Materials/M_TVGlass,Material,Soft From Unassigned Package? Best Guess: /ExampleMap/ExampleMap->/Game/TV/DefaultTVSpawnLocation->/Game/TV/Meshes/TV_fbx->/Game/TV/Materials/M_TVGlass,19875,None
0,/Game/TV/Materials/TVBox_MAT,Material,Soft From Unassigned Package? Best Guess: /ExampleMap/ExampleMap->/Game/TV/DefaultTVSpawnLocation->/Game/TV/Meshes/TV_fbx->/Game/TV/Materials/TVBox_MAT,8243,None
0,/Game/TV/Meshes/TV_fbx,StaticMesh,Soft From Unassigned Package? Best Guess: /ExampleMap/ExampleMap->/Game/TV/DefaultTVSpawnLocation->/Game/TV/Meshes/TV_fbx,51366,None
0,/Game/TV/Sounds/Static,SoundWave,Soft From Unassigned Package? Best Guess: /ExampleMap/ExampleMap->/Game/TV/TVSpawnLocation->/Game/TV/Sounds/Static_Cue->/Game/TV/Sounds/Static,269208,None
0,/Game/TV/Sounds/Static_Cue,SoundCue,Soft From Unassigned Package? Best Guess: /ExampleMap/ExampleMap->/Game/TV/TVSpawnLocation->/Game/TV/Sounds/Static_Cue,1980,None
0,/Game/TV/Structs/TVLightComponentStruct,UserDefinedStruct,Soft From Unassigned Package? Best Guess: /ExampleMap/ExampleMap->/Game/TV/TVSpawnLocation->/Game/TV/Structs/TVLightComponentStruct,1577,None
0,/Game/TV/TVSpawnLocation,Blueprint,Soft From Unassigned Package? Best Guess: /ExampleMap/ExampleMap->/Game/TV/TVSpawnLocation,5753,None
0,/Game/TV/Widgets/Static1,Texture2D,Soft From Unassigned Package? Best Guess: /ExampleMap/ExampleMap->/Game/TV/Widgets/StaticToggleWidget->/Game/TV/Widgets/Static1,501005,None
0,/Game/TV/Widgets/Static2,Texture2D,Soft From Unassigned Package? Best Guess: /ExampleMap/ExampleMap->/Game/TV/Widgets/StaticToggleWidget->/Game/TV/Widgets/Static2,501005,None
0,/Game/TV/Widgets/Static3,Texture2D,Soft From Unassigned Package? Best Guess: /ExampleMap/ExampleMap->/Game/TV/Widgets/StaticToggleWidget->/Game/TV/Widgets/Static3,501005,None
0,/Game/TV/Widgets/Static4,Texture2D,Soft From Unassigned Package? Best Guess: /ExampleMap/ExampleMap->/Game/TV/Widgets/StaticToggleWidget->/Game/TV/Widgets/Static4,501005,None
0,/Game/TV/Widgets/Static5,Texture2D,Soft From Unassigned Package? Best Guess: /ExampleMap/ExampleMap->/Game/TV/Widgets/StaticToggleWidget->/Game/TV/Widgets/Static5,501005,None
0,/Game/TV/Widgets/StaticToggleWidget,WidgetBlueprint,Soft From Unassigned Package? Best Guess: /ExampleMap/ExampleMap->/Game/TV/Widgets/StaticToggleWidget,11031,None
0,/Game/Widgets/ProgressWidget,WidgetBlueprint,Soft From Unassigned Package? Best Guess: /Game/Monsters/Xenomorph/Animations/StandUpHuman_BS->/Game/Monsters/Xenomorph/Animations/SlowWalk->/Game/Monsters/MonsterRightFootstep_AnimNotify->/Game/Monsters/Monster->/Game/Human/Human->/Game/Throwables/Flashbang/DefaultFlashbangSpawnLocation->/Game/Throwables/Flashbang/FlashbangSpawnLocation->/Game/Throwables/Flashbang/Widgets/FlashbangProgressWidget->/Game/Widgets/ProgressWidget,2919,None
0,/Game/Widgets/ToggleWidget,WidgetBlueprint,Soft From Unassigned Package? Best Guess: /ExampleMap/ExampleMap->/Game/TV/Widgets/StaticToggleWidget->/Game/Widgets/ToggleWidget,2702,None
