"Path","Platform","Compiled","Cooked","Permutations","Compiletime","CompiledDouble","CookedDouble"
"/Game/CameraSystem/Modded_MAT.Modded_MAT","0","0","12","1","0.000000","0","0"
"/Game/StarterContent/Particles/Materials/M_smoke_subUV_512x512.M_smoke_subUV_512x512","0","0","84","1","0.000000","0","0"
"/Game/StarterContent/Particles/Materials/M_Fire_SubUV_512x512.M_Fire_SubUV_512x512","0","0","24","1","0.000000","0","0"
"/Game/StarterContent/Particles/Materials/M_Fire_SubUV_256x256.M_Fire_SubUV_256x256","0","0","24","1","0.000000","0","0"
"/Game/StarterContent/Particles/Materials/M_Fire_SubUV_128x128.M_Fire_SubUV_128x128","0","0","24","1","0.000000","0","0"
"/Game/TV/TVBox_MAT.TVBox_MAT","0","0","18","1","0.000000","0","0"
"/Game/TV/M_TVGlass.M_TVGlass","0","0","42","1","0.000000","0","0"
"/Game/Lights/ModdedLight_MAT.ModdedLight_MAT","0","0","12","1","0.000000","0","0"
"/Game/EscapeDoor/ModdedEscapeDoor_MAT.ModdedEscapeDoor_MAT","0","0","12","1","0.000000","0","0"
